{"cameraMode":{"drawMode":0,"name":"Shaded","section":"Shading Mode"},"sceneLighting":false,"audioPlay":false,"sceneViewState":{"showFog":true,"showMaterialUpdate":false,"showSkybox":false,"showFlares":true,"showImageEffects":true,"showParticleSystems":true},"in2DMode":false,"pivot":{"x":-10.744998931884766,"y":-17.53931427001953,"z":107.65895080566406},"rotation":{"x":0.13490279018878938,"y":-0.000003788290086959023,"z":0.000007440307399519952,"w":0.9909041523933411},"size":92.84359741210938,"orthographic":false}