{"cameraMode":{"drawMode":0,"name":"Shaded","section":"Shading Mode"},"sceneLighting":false,"audioPlay":false,"sceneViewState":{"showFog":true,"showMaterialUpdate":false,"showSkybox":false,"showFlares":true,"showImageEffects":true,"showParticleSystems":true},"in2DMode":false,"pivot":{"x":6.893305778503418,"y":14.611720085144043,"z":-60.79487991333008},"rotation":{"x":-0.06766953319311142,"y":0.051456864923238757,"z":-0.0034899793099611999,"w":-0.9963997602462769},"size":3.0049936771392824,"orthographic":false}