{"cameraMode":{"drawMode":0,"name":"Shaded","section":"Shading Mode"},"sceneLighting":false,"audioPlay":false,"sceneViewState":{"showFog":true,"showMaterialUpdate":false,"showSkybox":false,"showFlares":true,"showImageEffects":true,"showParticleSystems":true},"in2DMode":false,"pivot":{"x":-1.14720618724823,"y":2.32051682472229,"z":2.197946071624756},"rotation":{"x":0.031249940395355226,"y":-0.6733604073524475,"z":0.028507057577371599,"w":0.7381869554519653},"size":7.194760799407959,"orthographic":false}