{"cameraMode":{"drawMode":0,"name":"Shaded","section":"Shading Mode"},"sceneLighting":false,"audioPlay":false,"sceneViewState":{"showFog":true,"showMaterialUpdate":false,"showSkybox":false,"showFlares":true,"showImageEffects":true,"showParticleSystems":true},"in2DMode":false,"pivot":{"x":13.24374008178711,"y":-3.894744873046875,"z":22.150354385375978},"rotation":{"x":-0.0948941558599472,"y":-0.39956772327423098,"z":0.041629139333963397,"w":-0.9108352661132813},"size":49.92795181274414,"orthographic":false}