{"cameraMode":{"drawMode":0,"name":"Shaded","section":"Shading Mode"},"sceneLighting":false,"audioPlay":false,"sceneViewState":{"showFog":true,"showMaterialUpdate":false,"showSkybox":false,"showFlares":true,"showImageEffects":true,"showParticleSystems":true},"in2DMode":false,"pivot":{"x":-0.6692269444465637,"y":0.03935898095369339,"z":-2.4739346504211427},"rotation":{"x":-0.06476203352212906,"y":0.011073318310081959,"z":-0.0007151311147026718,"w":-0.99786376953125},"size":3.9049935340881349,"orthographic":false}