{"cameraMode":{"drawMode":0,"name":"Shaded","section":"Shading Mode"},"sceneLighting":false,"audioPlay":false,"sceneViewState":{"showFog":true,"showMaterialUpdate":false,"showSkybox":false,"showFlares":true,"showImageEffects":true,"showParticleSystems":true},"in2DMode":false,"pivot":{"x":-33.83246612548828,"y":3.395221710205078,"z":11.99687671661377},"rotation":{"x":-0.012377972714602948,"y":0.6764818429946899,"z":-0.011372053995728493,"w":-0.736278235912323},"size":54.11392593383789,"orthographic":false}